{
    "Name": {
        "0": "p2uhs6_1247",
        "1": "p2uhs0_1247",
        "2": "p2uhs8_1247",
        "3": "p2uhs11_1247",
        "4": "p2uhs12_1247",
        "5": "p2uhs7_1247",
        "6": "p2uhs2_1247",
        "7": "p2uhs5_1247",
        "8": "p2uhs9_1247",
        "9": "p2uhs3_1247",
        "10": "p2uhs1_1247",
        "11": "p2uhs4_1247",
        "12": "p2uhs10_1247",
        "13": "p2uhs13_1247"
    },
    "Total Real Load": {
        "0": 19899733.366000004,
        "1": 21161786.01300001,
        "2": 15210255.993999904,
        "3": 22551423.135000236,
        "4": 10108651.218000105,
        "5": 6417653.915000105,
        "6": 26926968.903000083,
        "7": 26573430.35499958,
        "8": 14593667.690999964,
        "9": 13162389.804600067,
        "10": 16766247.091999529,
        "11": 13633924.387999915,
        "12": 13388183.181999972,
        "13": 2655876.357999978
    },
    "Total Reactive Load": {
        "0": 4262082.468185402,
        "1": 4373014.7467924645,
        "2": 3510772.466989753,
        "3": 4727827.127423326,
        "4": 2095421.264436598,
        "5": 1331340.012109214,
        "6": 5982338.377804122,
        "7": 5817278.160247828,
        "8": 3450633.5957751055,
        "9": 2727128.369495834,
        "10": 3515787.547002965,
        "11": 3066766.7690712004,
        "12": 2744765.9472628883,
        "13": 552458.9216878397
    },
    "kV": {
        "0": 69.0,
        "1": 69.0,
        "2": 69.0,
        "3": 69.0,
        "4": 69.0,
        "5": 69.0,
        "6": 69.0,
        "7": 69.0,
        "8": 69.0,
        "9": 69.0,
        "10": 69.0,
        "11": 69.0,
        "12": 69.0,
        "13": 69.0
    },
    "Latitude": {
        "0": 30.312300944449696,
        "1": 30.333400702321274,
        "2": 30.3374994617654,
        "3": 30.29410465089502,
        "4": 30.357663830927955,
        "5": 30.347610376723786,
        "6": 30.279943055418858,
        "7": 30.23978251105629,
        "8": 30.21698318690452,
        "9": 30.220016179648532,
        "10": 30.255203804989428,
        "11": 30.177997964734235,
        "12": 30.150368738742785,
        "13": 30.218124286745002
    },
    "Longitude": {
        "0": -97.65009148027643,
        "1": -97.54395015535583,
        "2": -97.61244859540398,
        "3": -97.63254717933918,
        "4": -97.53649316219129,
        "5": -97.46639524724404,
        "6": -97.67144822061364,
        "7": -97.69249540690562,
        "8": -97.68853357241663,
        "9": -97.66573413812203,
        "10": -97.59915954603112,
        "11": -97.65895598368044,
        "12": -97.61485367023057,
        "13": -97.52286180761655
    },
    "Connection Node": {
        "0": "p2uhs6_69",
        "1": "p2uhs0_69",
        "2": "p2uhs8_69",
        "3": "p2uhs11_69",
        "4": "p2uhs12_69",
        "5": "p2uhs7_69",
        "6": "p2uhs2_69",
        "7": "p2uhs5_69",
        "8": "p2uhs9_69",
        "9": "p2uhs3_69",
        "10": "p2uhs1_69",
        "11": "p2uhs4_69",
        "12": "p2uhs10_69",
        "13": "p2uhs13_69"
    }
}