{
    "Name": {
        "0": "p1rhs4_1247",
        "1": "p1rhs1_1247",
        "2": "p1rhs7_1247",
        "3": "p1rhs2_1247",
        "4": "p1rhs0_1247",
        "5": "p1rhs6_1247",
        "6": "p1rhs5_1247",
        "7": "p1rhs3_1247"
    },
    "Total Real Load": {
        "0": 13105010.19599996,
        "1": 9025159.396000052,
        "2": 9168777.624000028,
        "3": 12925516.746999914,
        "4": 5210501.5649999725,
        "5": 7722937.147000125,
        "6": 13421493.931999875,
        "7": 23780791.23399996
    },
    "Total Reactive Load": {
        "0": 2895710.746785874,
        "1": 1990968.093023317,
        "2": 2007578.1556927094,
        "3": 2821538.711080569,
        "4": 1168721.3339944303,
        "5": 1661973.6120403276,
        "6": 3015740.3820996177,
        "7": 5122595.311217065
    },
    "kV": {
        "0": 69.0,
        "1": 69.0,
        "2": 69.0,
        "3": 69.0,
        "4": 69.0,
        "5": 69.0,
        "6": 69.0,
        "7": 69.0
    },
    "Latitude": {
        "0": 30.400752216537438,
        "1": 30.546376255066757,
        "2": 30.47370146337616,
        "3": 30.36409559635806,
        "4": 30.38794515384435,
        "5": 30.280896770814227,
        "6": 30.213756688997996,
        "7": 30.103685877726946
    },
    "Longitude": {
        "0": -98.07068477423354,
        "1": -97.92147999528095,
        "2": -97.50600604318582,
        "3": -97.51150975544222,
        "4": -97.42273957441465,
        "5": -97.46312832838444,
        "6": -97.56533431483909,
        "7": -97.70462753648226
    },
    "Connection Node": {
        "0": "p1rhs4_69",
        "1": "p1rhs1_69",
        "2": "p1rhs7_69",
        "3": "p1rhs2_69",
        "4": "p1rhs0_69",
        "5": "p1rhs6_69",
        "6": "p1rhs5_69",
        "7": "p1rhs3_69"
    }
}