{
    "Name": {
        "0": "p1uhs19_1247",
        "1": "p1uhs0_1247",
        "2": "p1uhs5_1247",
        "3": "p1uhs10_1247",
        "4": "p1uhs3_1247",
        "5": "p1uhs14_1247",
        "6": "p1uhs17_1247",
        "7": "p1uhs1_1247",
        "8": "p1uhs20_1247",
        "9": "p1uhs8_1247",
        "10": "p1uhs21_1247",
        "11": "p1uhs16_1247",
        "12": "p1uhs12_1247",
        "13": "p1uhs2_1247",
        "14": "p1uhs6_1247",
        "15": "p1uhs9_1247",
        "16": "p1uhs15_1247",
        "17": "p1uhs11_1247",
        "18": "p1uhs4_1247",
        "19": "p1uhs7_1247",
        "20": "p1uhs22_1247",
        "21": "p1uhs13_1247",
        "22": "p1uhs23_1247",
        "23": "p1uhs18_1247",
        "24": "p1uhs24_1247"
    },
    "Total Real Load": {
        "0": 20056949.428999912,
        "1": 38927462.32100061,
        "2": 33828342.26400135,
        "3": 32961165.811000343,
        "4": 12420861.28599994,
        "5": 26828896.855000563,
        "6": 22337452.387999997,
        "7": 29809149.840000547,
        "8": 36928998.34400121,
        "9": 33024253.53700096,
        "10": 21993759.524000023,
        "11": 27124342.625000924,
        "12": 43297915.63599912,
        "13": 39781432.58000005,
        "14": 24535872.5070005,
        "15": 53269034.481999025,
        "16": 30676271.61800098,
        "17": 25066245.521000102,
        "18": 23560444.891000535,
        "19": 22763955.098000284,
        "20": 28990617.142000783,
        "21": 13879989.001999952,
        "22": 7629206.629000165,
        "23": 23477883.537000164,
        "24": 6101370.6
    },
    "Total Reactive Load": {
        "0": 4097505.272311918,
        "1": 7954440.398283755,
        "2": 6977807.494626774,
        "3": 6993913.198680739,
        "4": 2614318.828933324,
        "5": 5531412.479995258,
        "6": 4540559.210366216,
        "7": 7145906.720746557,
        "8": 7600198.7546787225,
        "9": 7416436.232144982,
        "10": 4536125.477070253,
        "11": 5557353.55777196,
        "12": 8902579.158169083,
        "13": 9149343.699214414,
        "14": 5036533.420903383,
        "15": 11799295.847823383,
        "16": 6961660.049136592,
        "17": 6761878.444498944,
        "18": 5510436.872819853,
        "19": 4874009.863210087,
        "20": 6205671.261317597,
        "21": 3131887.6706548035,
        "22": 1558558.5030822088,
        "23": 4826480.831013728,
        "24": 2003987.7639398146
    },
    "kV": {
        "0": 69.0,
        "1": 69.0,
        "2": 69.0,
        "3": 69.0,
        "4": 69.0,
        "5": 69.0,
        "6": 69.0,
        "7": 69.0,
        "8": 69.0,
        "9": 69.0,
        "10": 69.0,
        "11": 69.0,
        "12": 69.0,
        "13": 69.0,
        "14": 69.0,
        "15": 69.0,
        "16": 69.0,
        "17": 69.0,
        "18": 69.0,
        "19": 69.0,
        "20": 69.0,
        "21": 69.0,
        "22": 69.0,
        "23": 69.0,
        "24": 69.0
    },
    "Latitude": {
        "0": 30.43390979813144,
        "1": 30.420128343380902,
        "2": 30.42070413207815,
        "3": 30.427178761951104,
        "4": 30.424290510361836,
        "5": 30.40683060886256,
        "6": 30.398253129930378,
        "7": 30.45921215729832,
        "8": 30.468896597281656,
        "9": 30.45074110717989,
        "10": 30.48561813239943,
        "11": 30.462126004612475,
        "12": 30.442280850389615,
        "13": 30.433477769226098,
        "14": 30.42830158573892,
        "15": 30.39618967057572,
        "16": 30.393796687199828,
        "17": 30.381760696702106,
        "18": 30.380282994594378,
        "19": 30.376900807718496,
        "20": 30.37151515899585,
        "21": 30.38893261915992,
        "22": 30.368284497598236,
        "23": 30.42318300020434,
        "24": 30.37780139904568
    },
    "Longitude": {
        "0": -97.79578522299384,
        "1": -97.71258004500787,
        "2": -97.76967016481326,
        "3": -97.74368074725224,
        "4": -97.74001308272108,
        "5": -97.74769650795876,
        "6": -97.76132511649944,
        "7": -97.68234614871778,
        "8": -97.63804170194285,
        "9": -97.65436609553687,
        "10": -97.58027253273953,
        "11": -97.58175499932271,
        "12": -97.61795076839356,
        "13": -97.676535881482,
        "14": -97.6899011596826,
        "15": -97.66532572626605,
        "16": -97.69754613727456,
        "17": -97.72336366356521,
        "18": -97.70981758144168,
        "19": -97.68846561004412,
        "20": -97.68047064383445,
        "21": -97.63629709887924,
        "22": -97.64484212992294,
        "23": -97.6350736371198,
        "24": -97.6388324967512
    },
    "Connection Node": {
        "0": "p1uhs19_69",
        "1": "p1uhs0_69",
        "2": "p1uhs5_69",
        "3": "p1uhs10_69",
        "4": "p1uhs3_69",
        "5": "p1uhs14_69",
        "6": "p1uhs17_69",
        "7": "p1uhs1_69",
        "8": "p1uhs20_69",
        "9": "p1uhs8_69",
        "10": "p1uhs21_69",
        "11": "p1uhs16_69",
        "12": "p1uhs12_69",
        "13": "p1uhs2_69",
        "14": "p1uhs6_69",
        "15": "p1uhs9_69",
        "16": "p1uhs15_69",
        "17": "p1uhs11_69",
        "18": "p1uhs4_69",
        "19": "p1uhs7_69",
        "20": "p1uhs22_69",
        "21": "p1uhs13_69",
        "22": "p1uhs23_69",
        "23": "p1uhs18_69",
        "24": "p1uhs24_69"
    }
}