{
    "Name": {
        "0": "p4uhs3_1247",
        "1": "p4uhs0_1247",
        "2": "p4uhs4_1247",
        "3": "p4uhs6_1247",
        "4": "p4uhs5_1247",
        "5": "p4uhs7_1247",
        "6": "p4uhs8_1247",
        "7": "p4uhs9_1247",
        "8": "p4uhs10_1247",
        "9": "p4uhs11_1247",
        "10": "p4uhs12_1247",
        "11": "p4uhs2_1247",
        "12": "p4uhs13_1247",
        "13": "p4uhs14_1247",
        "14": "p4uhs15_1247",
        "15": "p4uhs17_1247",
        "16": "p4uhs18_1247",
        "17": "p4uhs19_1247",
        "18": "p4uhs20_1247",
        "19": "p4uhs1_1247",
        "20": "p4uhs16_1247"
    },
    "Total Real Load": {
        "0": 10842447.86500004,
        "1": 31186188.732000653,
        "2": 10658634.967000015,
        "3": 11518205.228000013,
        "4": 22008618.73900019,
        "5": 14617665.424999963,
        "6": 21231882.52799993,
        "7": 27879167.64400043,
        "8": 15937258.880999787,
        "9": 4671916.247999966,
        "10": 15027308.141999817,
        "11": 19332372.73900002,
        "12": 19728884.788999915,
        "13": 11900554.709999958,
        "14": 10530724.042999947,
        "15": 19639044.585999884,
        "16": 16257809.622999914,
        "17": 21328772.575000163,
        "18": 27298752.351000514,
        "19": 23366712.23800025,
        "20": 7216101.666000049
    },
    "Total Reactive Load": {
        "0": 2225529.970606143,
        "1": 6553197.293441943,
        "2": 2239565.500228425,
        "3": 2425122.7333202483,
        "4": 4606122.483303134,
        "5": 3033950.145401263,
        "6": 4333060.986034949,
        "7": 5758720.472216796,
        "8": 3287419.744356118,
        "9": 973987.5308075058,
        "10": 3101349.165839802,
        "11": 4101402.495939431,
        "12": 4054582.5678706057,
        "13": 2445870.496374376,
        "14": 2169093.9033261132,
        "15": 4053610.223318471,
        "16": 3389686.7416867428,
        "17": 4443725.485978266,
        "18": 5559395.840838922,
        "19": 4792346.19792745,
        "20": 1499932.290267162
    },
    "kV": {
        "0": 69.0,
        "1": 69.0,
        "2": 69.0,
        "3": 69.0,
        "4": 69.0,
        "5": 69.0,
        "6": 69.0,
        "7": 69.0,
        "8": 69.0,
        "9": 69.0,
        "10": 69.0,
        "11": 69.0,
        "12": 69.0,
        "13": 69.0,
        "14": 69.0,
        "15": 69.0,
        "16": 69.0,
        "17": 69.0,
        "18": 69.0,
        "19": 69.0,
        "20": 69.0
    },
    "Latitude": {
        "0": 30.552238236974404,
        "1": 30.349485686993894,
        "2": 30.4344659916005,
        "3": 30.479002990076626,
        "4": 30.451912476471534,
        "5": 30.442122314175176,
        "6": 30.46632793400504,
        "7": 30.43618203790895,
        "8": 30.39242274240768,
        "9": 30.39460188158212,
        "10": 30.3879470304056,
        "11": 30.395376169058462,
        "12": 30.373776303798277,
        "13": 30.378756881407373,
        "14": 30.33269459680047,
        "15": 30.319925089307493,
        "16": 30.29828317776034,
        "17": 30.39076430735115,
        "18": 30.37038850587683,
        "19": 30.342092587069796,
        "20": 30.289087165077017
    },
    "Longitude": {
        "0": -97.93429816160487,
        "1": -97.9742771949677,
        "2": -98.06788510534138,
        "3": -97.9087712951886,
        "4": -97.99434615064119,
        "5": -97.93076121531912,
        "6": -97.84885097786,
        "7": -97.82291672682123,
        "8": -98.02881031633365,
        "9": -98.06762086115647,
        "10": -97.98962235556351,
        "11": -97.93352742141319,
        "12": -97.97213586764647,
        "13": -97.92587214995467,
        "14": -97.98809076859379,
        "15": -97.91347775051065,
        "16": -97.93524020812667,
        "17": -97.84817455302367,
        "18": -97.89578025546362,
        "19": -97.86292443946729,
        "20": -98.02241578578213
    },
    "Connection Node": {
        "0": "p4uhs3_69",
        "1": "p4uhs0_69",
        "2": "p4uhs4_69",
        "3": "p4uhs6_69",
        "4": "p4uhs5_69",
        "5": "p4uhs7_69",
        "6": "p4uhs8_69",
        "7": "p4uhs9_69",
        "8": "p4uhs10_69",
        "9": "p4uhs11_69",
        "10": "p4uhs12_69",
        "11": "p4uhs2_69",
        "12": "p4uhs13_69",
        "13": "p4uhs14_69",
        "14": "p4uhs15_69",
        "15": "p4uhs17_69",
        "16": "p4uhs18_69",
        "17": "p4uhs19_69",
        "18": "p4uhs20_69",
        "19": "p4uhs1_69",
        "20": "p4uhs16_69"
    }
}